#, Name, Team, G, Att, Yds, Yds/Att, TD, FUM, 2PM, Rush YPG,Division,,,,
5,Blake Bangston,DC-E,13,305,2136,7,30,1,4,164.3,1,,,,
22,Mason Radobicky,MUK,11,233,1499,6.4,18,0,1,136.3,1,,,,
7,Latayvious Brown,MH,7,106,1492,14.1,16,0,1,213.1,1,,,,
33,Brady Moon,BPORT,14,183,1479,8.1,25,0,0,105.6,1,,,,
5,Tommy Novotny,MARQ,12,209,1370,6.6,24,1,0,114.2,1,,,,
20,Jacob Siner,ARR,11,178,1312,7.4,10,0,0,119.3,1,,,,
20,Sullivan Scadden,WNKEE,12,196,1282,6.5,18,0,0,106.8,1,,,,
3,Jackson Niemiec,MUS,14,156,1254,8,12,1,0,89.6,1,,,,
18,Jack Labisch,MUS,10,194,1170,6,12,2,0,117,1,,,,
0,Johnny Mathews,SPASH,10,181,1150,6.4,8,0,1,115,1,,,,
8,Grant Dean,NEEN,11,127,1135,8.9,16,2,1,103.2,1,,,,
19,Robert Beglinger,FRA,11,166,1126,6.8,16,0,0,102.4,1,,,,
1,James Ford,BELOIT,8,168,991,5.9,10,0,1,123.9,1,,,,
18,Alex Seraphine,OCON,10,205,986,4.8,11,1,0,98.6,1,,,,
13,Grant Chandonais,SPASH,10,160,982,6.1,17,3,0,98.2,1,,,,
0,Kam Parker,JMM,11,119,941,7.9,14,1,0,85.5,1,,,,
21,Vince Nienhuis,SHB-N,11,64,933,14.6,18,1,0,84.8,1,,,,
11,Shimar Simmons,EC-M,9,178,918,5.2,9,0,7,102,1,,,,
0,Braden Tyler,CRAIG,10,161,912,5.7,17,2,0,91.2,1,,,,
2,Jaiden Tunstall,MILWP,6,93,882,9.5,13,3,1,147,1,,,,
23,Malachi Echols,RC,11,138,844,6.1,10,4,0,76.7,1,,,,
2,Tyler Scott,MK,9,125,813,6.5,6,4,0,90.3,1,,,,
"0,2",Jackson Bohland,CHI-HI,10,87,801,9.2,12,2,0,80.1,1,,,,
33,Ethan Childers,KB,10,193,788,4.1,9,2,0,78.8,1,,,,
1,Jackson LeMay,CHI-HI,10,108,783,7.2,10,1,7,78.3,1,,,,
4,Justus Castillo,SH,10,179,782,4.4,7,1,0,78.2,1,,,,
12,Matt Stevens,BPORT,14,125,775,6.2,6,1,0,55.4,1,,,,
11,Lucas Koskey,DEPERE,9,119,764,6.4,10,0,0,84.9,1,,,,
3,Jakobe Lockwood,MH,10,90,758,8.4,3,0,2,75.8,1,,,,
6,Alex Hernandez,SHB-N,11,107,750,7,12,3,0,68.2,1,,,,
26,Kegan Pleau,KIMB,9,90,743,8.3,10,0,0,82.6,1,,,,
10,Samuel Callow,KenInd,9,142,738,5.2,7,0,0,82,1,,,,
13,Mason Kelley,MUK,13,106,720,6.8,11,1,0,55.4,1,,,,
24,Max Matter,BE,9,157,709,4.5,8,0,0,78.8,1,,,,
19,Cooper DePuydt,WAU-W,7,120,703,5.9,2,2,0,100.4,1,,,,
12,Cohen Lehmann,RAPIDS,9,168,693,4.1,3,3,0,77,1,,,,
27,Colton Lynch,MUK,8,103,674,6.5,3,0,0,84.2,1,,,,
23,Atavion Hooker,MILWP,7,102,665,6.5,7,3,13,95,1,,,,
22,Lavonte Bean,EC-N,9,128,653,5.1,4,0,0,72.6,1,,,,
7,Payton Pingel,HUD,10,116,651,5.6,14,0,0,65.1,1,,,,
3,Jack Dorley,MARQ,12,95,649,6.8,12,0,1,54.1,1,,,,
23,Alex Thompson,A-EAST,9,92,627,6.8,5,3,1,69.7,1,,,,
44,Mason Henschel,FONDY,9,109,617,5.7,5,0,1,68.6,1,,,,
2,Vance Holtz,ARR,12,163,602,3.7,12,0,0,50.2,1,,,,
24,Austin Perez,VERONA,11,111,598,5.4,7,0,2,54.4,1,,,,
7,Nathan Schopf,OC,6,102,587,5.8,7,0,0,97.8,1,,,,
1,Cornell Tate,MR,8,88,586,6.7,8,2,1,73.2,1,,,,
19,Jadyn Fraiser,PARKER,9,144,573,4,3,2,0,63.7,1,,,,
21,Michael Galloway,MK,8,80,557,7,12,2,1,69.6,1,,,,
2,Braden Bingen,FONDY,9,98,557,5.7,5,0,0,61.9,1,,,,
16,Cooper Adair,HUD,8,107,516,4.8,5,0,0,64.5,1,,,,
8,Miles Waldvogel,WAU-W,10,89,504,5.7,7,2,0,50.4,1,,,,
2,Yarnell Fuller,LAF,9,115,499,4.3,4,3,0,55.4,1,,,,
21,Kai Rego,KM,9,77,479,6.2,1,1,0,53.2,1,,,,
1,Chas Powell,SH,8,114,475,4.2,7,1,0,59.4,1,,,,
32,Asher Grady,VERONA,11,89,475,5.3,4,0,0,43.2,1,,,,
10,Evan Vanevenhoven,NEEN,12,121,472,3.9,14,1,2,39.3,1,,,,
44,Jaquon Foth,MANTY,8,98,470,4.8,3,2,0,58.8,1,,,,
25,Jackson Otradovec,BPORT,10,59,466,7.9,9,0,0,46.6,1,,,,
36,Eli Drangstveit,WNKEE,12,93,465,5,7,0,0,38.8,1,,,,
1,Paul Platts,CRAIG,10,64,465,7.3,2,0,0,46.5,1,,,,
8,Malik Blockman,MH,10,28,460,16.4,4,2,0,46,1,,,,
2,Nick Leto,MUS,12,69,451,6.5,5,3,0,37.6,1,,,,
2,Kaden Bates,OC,7,104,445,4.3,7,1,0,63.6,1,,,,
5,De'Jion Steele,MAD-W,8,69,437,6.3,5,2,0,54.6,1,,,,
34,Rashahn Hayes,MK,9,45,437,9.7,8,0,0,48.6,1,,,,
2,Steele Homme,HUD,5,64,430,6.7,7,1,0,86,1,,,,
33,Shaun Peeler,LAF,9,98,428,4.4,2,0,0,47.6,1,,,,
5,Damian Fisher,A-EAST,9,100,417,4.2,1,1,0,46.3,1,,,,
9,Tyler Konrad,SHB-N,5,36,413,11.5,4,0,0,82.6,1,,,,
6,Braedon Ellefson,KIMB,9,68,410,6,10,0,0,45.6,1,,,,
4,Dolce Plain,WAH,5,38,404,10.6,3,0,0,80.8,1,,,,
4,Bobby Salm,A-NOR,10,76,402,5.3,3,3,0,40.2,1,,,,
32,Jaiden Fronczak,OSH-W,9,111,400,3.6,4,1,0,44.4,1,,,,
9,Dray Hannan,NEEN,8,75,393,5.2,5,0,0,49.1,1,,,,
36,Aiden Bruce,PREBLE,8,93,379,4.1,0,2,0,47.4,1,,,,
2,Glenn Phillips,MILWBT,8,57,367,6.4,2,0,0,45.9,1,,,,
0,Michael Frison,EC-N,5,66,362,5.5,2,0,1,72.4,1,,,,
12,Logan George,DC-E,13,73,359,4.9,5,2,3,27.6,1,,,,
34,Dillon Herling,FRA,9,54,357,6.6,1,0,0,39.7,1,,,,
7,Jay'Vion Hassell,MAD-E,9,86,353,4.1,5,2,0,39.2,1,,,,
14,Jack Kostroski,WAU-W,7,71,352,5,5,1,2,50.3,1,,,,
11,Artese Lesueur,MILWBT,9,37,352,9.5,2,0,0,39.1,1,,,,
34,Sam Piper,CRAIG,8,47,350,7.4,3,0,0,43.8,1,,,,
12,Max Olsen,SHB-N,10,41,350,8.5,6,2,0,35,1,,,,
28,Brady Bell,KIMB,9,68,345,5.1,8,0,0,38.3,1,,,,
26,Elijah Jackson,MIDD,11,89,342,3.8,3,1,0,31.1,1,,,,
0,Terrance Simmon,MH,9,30,341,11.4,2,1,0,37.9,1,,,,
12,Vance Johnson,WNKEE,12,99,338,3.4,3,0,0,28.2,1,,,,
33,Pres Bencz,ARR,9,54,337,6.2,2,0,0,37.4,1,,,,
20,Drake Daken,CHI-HI,7,34,336,9.9,3,0,0,48,1,,,,
23,Beau Evans,BE,8,51,332,6.5,3,0,0,41.5,1,,,,
5,Charlie Olson,A-NOR,9,68,332,4.9,3,0,0,36.9,1,,,,
2,LeRontae Fullilove,MAD-E,9,92,323,3.5,0,1,0,35.9,1,,,,
3,Tre Poteat,VERONA,8,34,318,9.4,1,0,0,39.8,1,,,,
4,Aiden Jamieson,HUD,10,46,316,6.9,4,0,0,31.6,1,,,,
5,Nathan Urban,KenInd,9,82,308,3.8,2,0,0,34.2,1,,,,
10,Caden Schampers,DEPERE,9,77,307,4,4,0,0,34.1,1,,,,
25,Marcus Doucette,KIMB,4,49,299,6.1,2,1,0,74.8,1,,,,
11,Tyler Haney,SPW,7,56,298,5.3,0,0,0,42.6,1,,,,
19,DJ Wilson,A-NOR,10,74,294,4,2,0,0,29.4,1,,,,
17,Kyle Madlena,SPASH,7,50,282,5.6,4,1,0,40.3,1,,,,
2,Cooper Wiltz,WS,9,105,276,2.6,3,0,0,30.7,1,,,,
41,Reid Frame,DC-E,9,36,276,7.7,2,0,0,30.7,1,,,,
21,Julian Gonzalez,KT,9,93,271,2.9,0,1,0,30.1,1,,,,
13,Dante Matta,DEPERE,8,48,251,5.2,3,0,0,31.4,1,,,,
15,Chase Brandl,OSH-W,9,64,251,3.9,3,3,0,27.9,1,,,,
24,Kaivion Whitelow,MIDD,8,67,246,3.7,1,0,0,30.8,1,,,,
11,Nick Martin,MUK,8,13,244,18.8,4,1,0,30.5,1,,,,
13,Deandre Williamson Jr.,FONDY,9,79,241,3.1,1,2,0,26.8,1,,,,
9,Daniel Dufek,HUD,9,44,239,5.4,0,0,0,26.6,1,,,,
24,Quiyuis Holliman,WAC,3,52,237,4.6,2,0,0,79,1,,,,
33,Brannon Hatchett,BELOIT,5,53,237,4.5,3,0,0,47.4,1,,,,
26,Myawgii Beeman Jr.,WAH,8,61,234,3.8,5,0,0,29.2,1,,,,
10,Andrew Mirek,OCON,7,63,234,3.7,4,1,0,33.4,1,,,,
11,Zachary Shipman,EC-N,8,52,233,4.5,8,0,0,29.1,1,,,,
15,Caden Umentum,FONDY,5,48,232,4.8,1,0,0,46.4,1,,,,
22,Kyreese White,A-EAST,9,47,231,4.9,2,1,0,25.7,1,,,,
14,Luke Schaning,WAH,9,42,223,5.3,1,0,0,24.8,1,,,,
7,Jhafet Alvarez,MILWP,7,30,216,7.2,1,0,1,30.9,1,,,,
26,Kamaria Carter,MAD-W,6,50,215,4.3,1,0,0,35.8,1,,,,
16,Drew Nevermann,OCON,10,42,213,5.1,1,0,0,21.3,1,,,,
6,Anthony LeFebre,BPORT,7,43,206,4.8,1,0,0,29.4,1,,,,
16,Zach Johnson,EC-M,7,36,205,5.7,2,1,1,29.3,1,,,,
23,Jake Balog,OSH-W,8,57,205,3.6,2,0,0,25.6,1,,,,
6,Chase Rollins,SPW,5,52,204,3.9,1,1,0,40.8,1,,,,
24,Brandon Moua,A-EAST,9,60,201,3.4,0,0,1,22.3,1,,,,
22,Atticus Clark,MUS,7,59,200,3.4,1,1,0,28.6,1,,,,
14,Caden Jurci,KM,9,51,198,3.9,2,3,0,22,1,,,,
20,Morell Jackson,RC,9,32,193,6,2,0,0,21.4,1,,,,
26,Zion Ellis-Wilkinson,MAD-E,8,41,189,4.6,0,2,0,23.6,1,,,,
2,Corbin Enzenroth,DC-E,8,30,188,6.3,2,0,0,23.5,1,,,,
30,Ryder Timmerman,BPORT,5,42,188,4.5,2,0,0,37.6,1,,,,
16,Gavin Sullivan,PREBLE,8,66,187,2.8,4,1,0,23.4,1,,,,
9,Avery Eastman,PARKER,7,25,185,7.4,0,0,0,26.4,1,,,,
11,Jahdiel Guerrero Bastardo,LAF,4,30,182,6.1,1,0,0,45.5,1,,,,
4,Owen West,BELOIT,9,38,176,4.6,1,0,0,19.6,1,,,,
36,Cooper Sieck,NEEN,5,28,175,6.2,4,0,0,35,1,,,,
7,Grayson McCain,MILWBT,7,32,172,5.4,4,0,0,24.6,1,,,,
4,Gabe Belter,OC,6,39,170,4.4,1,0,0,28.3,1,,,,
5,Malachi Whitelaw,MH,9,27,168,6.2,5,0,1,18.7,1,,,,
7,Palmer Butters,PARKER,8,67,164,2.4,4,2,0,20.5,1,,,,
19,Dylan Oelkers,LAF,5,18,163,9.1,1,1,0,32.6,1,,,,
0,Landon Ubrig,OSH-W,7,50,163,3.3,4,2,2,23.3,1,,,,
34,Cason Genin,VERONA,6,28,162,5.8,3,0,0,27,1,,,,
40,Brady Westfahl,SH,7,24,161,6.7,3,0,0,23,1,,,,
5,Sam Hebert,CHI-HI,6,16,161,10.1,0,0,0,26.8,1,,,,
2,Larenzz Pratt,KB,6,28,157,5.6,1,0,0,26.2,1,,,,
7,Jacob Foster,KenInd,6,30,150,5,0,1,0,25,1,,,,
3,Zeke Sawall,BE,9,65,150,2.3,4,1,1,16.7,1,,,,
10,Matthew O'Grady,LGB,13,148,1817,12.3,29,0,0,139.8,2,,,,
33,Carson Fletcher,RH,11,197,1764,9,22,1,2,160.4,2,,,,
1,Joe Hoeppner,NEWRCH,12,248,1633,6.6,13,0,0,136.1,2,,,,
32,Josiah Barnes,BD,11,211,1471,7,14,0,0,133.7,2,,,,
6,Kade Boyd,BUR,10,227,1461,6.4,16,0,0,146.1,2,,,,
0,Aiden Reardon,KAUK,12,247,1451,5.9,15,0,0,120.9,2,,,,
24,Elijah Gigl,MENA,10,197,1447,7.3,17,0,1,144.7,2,,,,
20,Tremayne Habeck,MG,11,223,1435,6.4,22,0,0,130.5,2,,,,
24,Ryan McCarthy,LGB,12,173,1381,8,10,0,1,115.1,2,,,,
17,Antwuan Smith,BV,9,129,1315,10.2,11,0,0,146.1,2,,,,
37,Lucas Peters,RICELK,14,191,1313,6.9,14,0,7,93.8,2,,,,
21,Brady Kaufman,SUNPE,11,192,1296,6.8,17,2,0,117.8,2,,,,
38,Landon Taylor,WC,9,137,1244,9.1,11,1,0,138.2,2,,,,
1,Evan Ott,WDP,13,230,1094,4.8,13,1,0,84.2,2,,,,
23,Damian Alexander,GF,9,172,1034,6,18,2,4,114.9,2,,,,
2,Malachi Mack,TE,11,76,1026,13.5,20,0,1,93.3,2,,,,
10,Vinny Inga,GER,11,206,1026,5,7,0,0,93.3,2,,,,
8,Gus Newel,ASHW,10,184,1024,5.6,13,0,0,102.4,2,,,,
7,Jack Barth,HOLM,10,82,1018,12.4,10,0,0,101.8,2,,,,
23,Kobe Hendricks,SLI,14,139,1006,7.2,11,0,1,71.9,2,,,,
21,Joseph Tarasewicz,RFALLS,9,198,1006,5.1,10,0,0,111.8,2,,,,
3,Spencer Sturm,CED,10,123,991,8.1,10,1,0,99.1,2,,,,
32,Noah Reinhart,WBW,9,176,973,5.5,7,1,1,108.1,2,,,,
4,Zyon White,TE,11,139,950,6.8,11,1,1,86.4,2,,,,
18,Connor Durand,RICELK,14,128,948,7.4,10,0,5,67.7,2,,,,
26,Bentley Hickman,HOM,9,171,944,5.5,10,1,0,104.9,2,,,,
7,Christian Rudrud,LC-CEN,9,129,942,7.3,13,0,0,104.7,2,,,,
23,Gavin Shepard,LC-CEN,10,162,939,5.8,12,1,0,93.9,2,,,,
2,Jakob Kunz,RICELK,14,134,911,6.8,13,3,3,65.1,2,,,,
22,EJ Brown,HAR,10,151,827,5.5,12,1,1,82.7,2,,,,
9,Jace Thomsen,MG,11,141,824,5.8,9,1,0,74.9,2,,,,
12,Giancarlo Oregon,SHB-S,10,167,820,4.9,6,4,0,82,2,,,,
3,Quintyn Martinez,UG,10,136,791,5.8,7,0,0,79.1,2,,,,
4,Charlie Fitzke,MIL,10,159,750,4.7,14,1,0,75,2,,,,
3,Jaydan Ponder,RH,11,107,746,7,8,0,0,67.8,2,,,,
7,AJ Seymour,BC,9,147,744,5.1,8,1,0,82.7,2,,,,
44,Cameron Newcomer,MONROE,9,78,739,9.5,10,1,0,82.1,2,,,,
7,Grayden Rode,MARSHD,10,125,727,5.8,22,0,0,72.7,2,,,,
7,Hudson Krauklis,ELK,10,91,681,7.5,9,0,0,68.1,2,,,,
2,Max Raimer,SUNPE,11,121,679,5.6,11,0,1,61.7,2,,,,
8,Larry McCain,BV,9,62,677,10.9,10,0,0,75.2,2,,,,
0,Alex Berget,HOLM,11,114,644,5.6,9,0,0,58.5,2,,,,
26,Jamare Scott,OSH-N,9,114,636,5.6,12,0,0,70.7,2,,,,
15,Tommy O'Hagan,HOM,11,113,634,5.6,5,0,0,57.6,2,,,,
0,Avion Cunningham,TW,9,85,618,7.3,6,0,0,68.7,2,,,,
5,Brad Jacobson,DEFO,9,116,618,5.3,5,1,0,68.7,2,,,,
24,John Higbie,MEN,10,115,604,5.3,8,0,0,60.4,2,,,,
4,Brock Kibler,WIL,9,128,593,4.6,8,1,0,65.9,2,,,,
3,Taynum Clark,SUPER,9,132,592,4.5,4,1,0,65.8,2,,,,
5,Kevin Johnikin,TW,10,109,585,5.4,6,1,0,58.5,2,,,,
7,Artis Bennett,BV,4,68,565,8.3,6,0,0,141.2,2,,,,
19,Tony Wolf,MONROE,9,71,560,7.9,4,0,0,62.2,2,,,,
17,Logan Liegl,MENA,10,97,555,5.7,8,0,1,55.5,2,,,,
2,Kyle Kress,KAUK,12,87,546,6.3,11,0,0,45.5,2,,,,
23,DJ Butler,MEN,10,93,538,5.8,3,1,0,53.8,2,,,,
32,Ryan Stacy,ELK,7,106,537,5.1,3,1,0,76.7,2,,,,
12,Sawyer Broennimann,NIC,9,87,536,6.2,8,2,0,59.6,2,,,,
3,Malik Mitchell,WAT,9,123,525,4.3,4,3,0,58.3,2,,,,
3,Gabe Servais,LC-CEN,10,65,519,8,4,0,0,51.9,2,,,,
30,Austyn Wittek,NEWRCH,9,96,518,5.4,3,1,0,57.6,2,,,,
26,Spencer Hakes,PULAS,8,74,516,7,6,2,0,64.5,2,,,,
10,Brock Weideman,PULAS,9,112,515,4.6,9,0,1,57.2,2,,,,
34,Christian Gates,OREGN,9,122,501,4.1,6,2,0,55.7,2,,,,
0,Sam Schultz,NIC,9,100,500,5,3,1,1,55.6,2,,,,
25,Tristan Berrens,HORTV,9,74,500,6.8,4,1,0,55.6,2,,,,
25,Jacob Flom,MONROE,7,62,493,8,3,0,0,70.4,2,,,,
15,Tyler Zeal,MIL,10,80,481,6,4,4,0,48.1,2,,,,
2,Santos Rodriguez,SLI,12,91,473,5.2,11,2,1,39.4,2,,,,
31,Brock Walser,LGB,9,33,436,13.2,7,0,0,48.4,2,,,,
36,Jahmier Courtney,TE,8,65,433,6.7,5,0,0,54.1,2,,,,
24,Louis Smith,WW,8,100,427,4.3,2,0,0,53.4,2,,,,
26,Cale Morgan,WIL,9,89,421,4.7,3,0,0,46.8,2,,,,
11,Logan Zahour,CED,10,63,419,6.7,6,0,0,41.9,2,,,,
6,Bron Schaefer,KAUK,12,73,417,5.7,4,1,0,34.8,2,,,,
9,Davis Cashin,WAT,9,85,398,4.7,4,3,0,44.2,2,,,,
29,Nathan Fuchs,MONROE,10,65,395,6.1,1,0,0,39.5,2,,,,
34,Aadil Bajwa,BC,7,85,386,4.5,1,1,0,55.1,2,,,,
8,C.J. Spence,MF,6,115,383,3.3,1,1,0,63.8,2,,,,
16,Kevin Gibbs,TW,10,109,377,3.5,3,3,1,37.7,2,,,,
33,Sawyer Goodness,PULAS,9,39,371,9.5,4,1,0,41.2,2,,,,
9,Ethan Holmes,WN,8,94,369,3.9,5,2,2,46.1,2,,,,
11,Quantavious Stokes,BV,7,27,367,13.6,3,0,0,52.4,2,,,,
45,Dayshon Milons-McCall,BV,5,33,364,11,5,0,0,72.8,2,,,,
19,Michael Thiede,SLI,13,81,364,4.5,12,4,0,28,2,,,,
45,Owen Voeck,DEFO,8,57,360,6.3,3,0,0,45,2,,,,
32,Charlie Loesch,RFALLS,8,55,347,6.3,2,0,0,43.4,2,,,,
8,Peter Nowka,OREGN,7,41,341,8.3,4,0,0,48.7,2,,,,
4,Connor Pangallo,HOM,8,46,335,7.3,3,0,0,41.9,2,,,,
26,Haiden Carlson,MARSHD,9,61,327,5.4,1,1,0,36.3,2,,,,
4,Brett Kitzmiller,ELK,10,75,326,4.3,4,2,0,32.6,2,,,,
6,Quinn Schultz,UG,9,58,321,5.5,4,0,0,35.7,2,,,,
7,Finn Morrison,UG,10,57,319,5.6,10,1,0,31.9,2,,,,
22,AJ Alesch,HOLM,10,46,318,6.9,4,0,0,31.8,2,,,,
1,Haidyn Stinnett,LGB,11,32,315,9.8,3,0,1,28.6,2,,,,
8,Kaden Kranz,WC,10,55,306,5.6,1,0,0,30.6,2,,,,
10,Carson Smith,SUPER,7,65,303,4.7,2,3,0,43.3,2,,,,
19,Tank Benton,BV,5,40,301,7.5,6,0,5,60.2,2,,,,
14,Bohdan Schmidt,PULAS,10,48,300,6.2,6,0,0,30,2,,,,
23,Charlie Blevins,A-WEST,8,78,299,3.8,2,2,1,37.4,2,,,,
3,Alec Welch,LGB,13,27,293,10.9,5,0,0,22.5,2,,,,
28,Zion Perron,ELK,8,47,293,6.2,3,0,0,36.6,2,,,,
35,Joseph Rufenacht,MONROE,9,34,284,8.4,6,0,0,31.6,2,,,,
25,Davion Hayes,TE,9,41,284,6.9,4,0,0,31.6,2,,,,
8,Chase Robinson,MARSHD,9,63,283,4.5,5,0,0,31.4,2,,,,
83,Joziah Cross,MF,5,56,280,5,1,1,0,56,2,,,,
13,Kaleb Burkel,SLI,3,33,280,8.5,3,0,0,93.3,2,,,,
5,Andrew Clemons,RH,11,37,272,7.4,3,0,0,24.7,2,,,,
14,Connor Curtis,WN,9,92,269,2.9,8,9,0,29.9,2,,,,
2,Ezra Markofski,HOLM,8,66,267,4,1,0,0,33.4,2,,,,
13,Tanner Leno,SUPER,6,79,267,3.4,2,1,0,44.5,2,,,,
4,Ben Potteiger,BC,4,47,261,5.6,5,0,1,65.2,2,,,,
6,Braedyn Parker,TW,7,31,250,8.1,3,1,0,35.7,2,,,,
27,Logan Levitt,LGB,12,43,250,5.8,3,0,0,20.8,2,,,,
1,Drew Greenmeier,GER,10,80,249,3.1,3,0,0,24.9,2,,,,
20,Mason Fula,WW,9,67,245,3.7,0,0,0,27.2,2,,,,
28,Beau Thompson,MENA,9,51,244,4.8,4,0,0,27.1,2,,,,
12,Nick Stellrecht,NEWRCH,10,75,236,3.1,4,0,0,23.6,2,,,,
2,CJ Rasco,NIC,9,44,235,5.3,3,0,0,26.1,2,,,,
6,Ezra Krouth,GB-SW,9,109,232,2.1,2,2,0,25.8,2,,,,
13,Ethan Pagels,OREGN,8,37,229,6.2,3,0,0,28.6,2,,,,
10,Tanner Koltunski,RICELK,13,32,229,7.2,2,0,1,17.6,2,,,,
2,Mykel Branch,SM,6,58,226,3.9,2,3,1,37.7,2,,,,
4,Mason Juga,WC,10,75,225,3,4,0,0,22.5,2,,,,
44,Cooper Catalano,GER,7,38,225,5.9,2,0,0,32.1,2,,,,
1,Eli Bryant,BD,11,54,222,4.1,7,1,0,20.2,2,,,,
5,Jamond Thompson-Schreck,OSH-N,7,36,218,6.1,1,0,0,31.1,2,,,,
3,James Hoff,MEN,9,36,214,5.9,2,0,0,23.8,2,,,,
22,Evan Heindselman,ELK,7,28,214,7.6,0,0,0,30.6,2,,,,
13,Alex Pena Sota,WN,9,48,210,4.4,1,2,0,23.3,2,,,,
25,Noah Canella,WIL,8,29,207,7.1,0,0,0,25.9,2,,,,
7,Adam Zuern,HAR,10,43,206,4.8,2,0,0,20.6,2,,,,
5,Jon Orellana,SHB-S,7,47,203,4.3,1,0,0,29,2,,,,
38,Austen Dekker,SHB-S,6,30,194,6.5,2,0,0,32.3,2,,,,
12,AJ Pheifer,HORTV,9,36,189,5.2,0,2,0,21,2,,,,
10,Legend Locklear-Pace,TE,8,29,188,6.5,2,0,0,23.5,2,,,,
5,Brandon Morrissey,BD,11,50,186,3.7,3,1,1,16.9,2,,,,
21,Jamareon Deleon,RP,9,65,186,2.9,1,0,0,20.7,2,,,,
8,Isaac Ziegler,DEFO,7,44,184,4.2,3,1,0,26.3,2,,,,
3,Max Mettrey,WIL,9,45,182,4,1,1,0,20.2,2,,,,
33,Vincent Weber,RICELK,8,45,175,3.9,1,0,0,21.9,2,,,,
2,Kyle Anderson,CED,8,31,174,5.6,3,0,0,21.8,2,,,,
47,Anthony Ficarri,PULAS,8,43,172,4,3,0,0,21.5,2,,,,
1,Izell Payne,MV,2,16,172,10.8,4,0,0,86,2,,,,
9,Bennett Bradley,GF,9,30,171,5.7,2,1,0,19,2,,,,
6,Colin Hablewitz,MG,9,27,170,6.3,1,0,0,18.9,2,,,,
22,Maxton Luzaich,SUPER,4,31,170,5.5,3,0,0,42.5,2,,,,
39,Deangelo Clay,MG,8,28,166,5.9,4,2,1,20.8,2,,,,
22,Cody Buttermore,HOM,3,22,164,7.5,1,0,0,54.7,2,,,,
13,Aden Fry,HAR,6,34,163,4.8,1,0,0,27.2,2,,,,
33,Jack Schuette,CED,7,38,160,4.2,1,0,0,22.9,2,,,,
22,Christian Collins,NDAME,12,350,3084,8.8,42,4,0,257,3,,,,
2,Paxton Rothmeier,MEDFOR,12,274,2696,9.8,37,1,15,224.7,3,,,,
12,Bradley Check,LOGAN,13,353,2177,6.2,36,4,6,167.5,3,,,,
21,Tommy Lutz,GRA,11,259,1804,7,24,0,0,164,3,,,,
2,Harry Bortolotti,WB,10,248,1622,6.5,21,0,1,162.2,3,,,,
4,Cameron Cornett,ONALA,11,227,1619,7.1,22,0,0,147.2,3,,,,
3,Brett Shutter,PLYM,11,182,1429,7.9,24,0,6,129.9,3,,,,
3,Owen Preimesberger,MH/B,12,197,1314,6.7,15,0,4,109.5,3,,,,
8,Xzaver Pittman,WAUPC,10,188,1219,6.5,13,4,0,121.9,3,,,,
5,Landin Purifoy,RBURG,6,122,1174,9.6,19,0,1,195.7,3,,,,
48,Sean Ryan,NBW,10,148,1102,7.4,13,0,2,110.2,3,,,,
4,Austin Adamczak,WAUPC,10,182,1027,5.6,12,5,1,102.7,3,,,,
3,Vidal Spivey,NBE,10,175,1021,5.8,14,2,0,102.1,3,,,,
4,Chase MacGregor,MARNET,9,146,954,6.5,8,1,1,106,3,,,,
2,Drake DeMarb,GML,10,155,943,6.1,13,3,1,94.3,3,,,,
3,Sawyer Hakow,GD,11,164,878,5.4,14,0,0,79.8,3,,,,
20,Logan Ten Haken,NEWLON,9,149,877,5.9,6,0,4,97.4,3,,,,
15,Maxim Roberts,LOGAN,12,135,864,6.4,8,0,0,72,3,,,,
2,MJ Mitchell,CM,12,147,849,5.8,13,2,2,70.8,3,,,,
30,Malcom Campbell,WL,11,97,841,8.7,12,1,2,76.5,3,,,,
24,Andrew Klass,LUX-C,10,159,808,5.1,13,1,1,80.8,3,,,,
7,Harold Lewis,CM,14,111,806,7.3,9,0,0,57.6,3,,,,
13,Logan Hedstrom,STOUGH,10,185,792,4.3,7,0,0,79.2,3,,,,
7,Cal Loose,PW,11,131,779,5.9,12,0,2,70.8,3,,,,
33,Noah Bruckner,LKLAND,9,172,779,4.5,7,1,1,86.6,3,,,,
2,Will Mikonowicz,RBURG,9,81,761,9.4,10,0,3,84.6,3,,,,
1,Camden McTaggart,SPARTA,9,124,758,6.1,14,0,1,84.2,3,,,,
4,Jack Fenwick,RBURG,9,75,757,10.1,9,0,0,84.1,3,,,,
25,Omar Cherrington,PEW,10,129,740,5.7,3,1,0,74,3,,,,
22,Timothy Budde,TOMAH,9,140,737,5.3,7,7,0,81.9,3,,,,
24,Anthony Brown,WL,12,71,710,10,6,1,0,59.2,3,,,,
8,Blessings Kapande,FVL,10,146,707,4.8,11,1,0,70.7,3,,,,
20,Callum Wheeler,MERRIL,8,93,702,7.5,6,0,0,87.8,3,,,,
1,Max Kreuziger,PORTG,8,85,682,8,10,1,0,85.2,3,,,,
1,Jayveon Gold,WHI,9,92,666,7.2,10,1,0,74,3,,,,
31,Lawson Maier,SAUK,10,146,665,4.6,6,0,0,66.5,3,,,,
2,Cooper Sievert,WL,10,79,660,8.4,20,3,1,66,3,,,,
31,Howie Roloff,NEWLON,8,134,641,4.8,10,0,3,80.1,3,,,,
2,Tyler Vetch,NBW,12,68,640,9.4,5,2,0,53.3,3,,,,
24,Evan Wilkins,MEDFOR,12,83,625,7.5,8,1,2,52.1,3,,,,
5,Jeffery Goodman III,PIUS,8,80,615,7.7,10,0,0,76.9,3,,,,
7,Shamarr Nelson,PIUS,8,75,600,8,7,0,0,75,3,,,,
4,Reese Ott,SPARTA,9,64,579,9,9,0,0,64.3,3,,,,
5,Iain Stahel,WAU-E,8,95,574,6,2,4,0,71.8,3,,,,
5,David Nadolski,PORTG,7,50,566,11.3,6,1,1,80.9,3,,,,
34,Deven Miller,PLYM,9,59,553,9.4,11,0,0,61.4,3,,,,
4,Brayden Loritz,LUX-C,8,87,536,6.2,7,0,1,67,3,,,,
23,Xavior Evans,WL,10,83,496,6,3,1,0,49.6,3,,,,
37,Cyrus Leisure,RHINE,7,53,470,8.9,3,0,0,67.1,3,,,,
4,Josiah Rice,WL,11,94,469,5,4,3,2,42.6,3,,,,
32,Brock Chucka,HAY,8,112,451,4,1,1,0,56.4,3,,,,
1,Colton Thomae,ANT,6,90,443,4.9,5,0,0,73.8,3,,,,
3,Carter Wilder,CUD,9,76,440,5.8,4,1,0,48.9,3,,,,
22,Marcellis Cotton-Sharp,ML,6,45,437,9.7,1,0,0,72.8,3,,,,
6,Traysen Thomason,WHIT,9,94,434,4.6,2,0,0,48.2,3,,,,
3,Damyias Lopez,CM,13,70,427,6.1,9,2,0,32.8,3,,,,
1,Tyler Fitzpatrick,CUD,9,81,426,5.3,8,2,0,47.3,3,,,,
22,Kiya Sullivan,PW,9,78,422,5.4,4,0,0,46.9,3,,,,
21,Brandon Harper Jr.,GD,9,59,421,7.1,7,1,0,46.8,3,,,,
1,Rudy Baker,MW,3,35,416,11.9,5,0,1,138.7,3,,,,
20,Jax Pesch,WFD,9,84,411,4.9,5,2,0,45.7,3,,,,
28,Luke Rissling,GB-W,9,147,409,2.8,1,2,0,45.4,3,,,,
0,Garrett Dreger,WFD,11,58,393,6.8,4,2,0,35.7,3,,,,
3,Jakel McCullum-Mattox,GML,8,50,372,7.4,7,1,3,46.5,3,,,,
9,Joseph Lee,WB,9,35,365,10.4,5,1,0,40.6,3,,,,
15,Caiden Dessart,WFD,11,111,364,3.3,7,5,0,33.1,3,,,,
25,Kingston Allen,NDAME,4,54,361,6.7,3,0,0,90.2,3,,,,
11,Andrew Maly,MCFAR,8,98,357,3.6,2,0,0,44.6,3,,,,
30,Tristan Brunt,PORTG,8,61,338,5.5,1,1,0,42.2,3,,,,
23,Cameron Dorner,LUX-C,7,40,338,8.4,4,0,0,48.3,3,,,,
12,Augie Eigenberger,PLYM,11,71,335,4.7,1,2,0,30.5,3,,,,
26,Michael Hagerty,ANT,6,62,326,5.3,0,0,0,54.3,3,,,,
12,Sam Hemery,GB-W,9,76,325,4.3,6,2,0,36.1,3,,,,
21,Beau Stern,WBE,8,103,320,3.1,1,1,0,40,3,,,,
20,Myles Eagleson,RHINE,7,54,311,5.8,0,1,0,44.4,3,,,,
31,Shon Abbas,TOMAH,6,48,306,6.4,3,2,1,51,3,,,,
23,Kaeson Stettler,ONALA,10,59,303,5.1,3,0,0,30.3,3,,,,
5,Joseph Johnson,BD,6,42,300,7.1,3,0,0,50,3,,,,
24,Sam Pasten,PW,10,56,288,5.1,4,2,0,28.8,3,,,,
40,Austin Fries,PORTG,8,33,284,8.6,2,1,0,35.5,3,,,,
19,Owen Dobberstein,PEW,10,108,282,2.6,3,1,0,28.2,3,,,,
0,Aiden Lonsdorf,MERRIL,6,54,282,5.2,4,2,0,47,3,,,,
12,Tanner Effertz,WHI,9,77,281,3.6,6,1,0,31.2,3,,,,
24,Tommy Fields,NEWLON,3,54,278,5.1,4,0,0,92.7,3,,,,
1,Marquinn Davis,PIUS,8,31,276,8.9,2,0,0,34.5,3,,,,
6,Jerzy Brocker,SHAWN,7,76,272,3.6,4,0,2,38.9,3,,,,
15,Aidan Devine,NBW,11,71,271,3.8,5,2,0,24.6,3,,,,
23,David Schumacher,FVL,9,37,268,7.2,5,0,1,29.8,3,,,,
9,Paiton Norrington,BD,9,54,265,4.9,1,1,1,29.4,3,,,,
17,Jackson Puttkamer,BBOO,5,63,264,4.2,2,1,0,52.8,3,,,,
25,Owen Abrahams,RBURG,4,55,262,4.8,1,0,0,65.5,3,,,,
17,Landon Derenne,LUX-C,9,44,259,5.9,2,0,0,28.8,3,,,,
25,Jayden Bloodsaw,MCFAR,5,50,257,5.1,1,0,0,51.4,3,,,,
17,Keegan Walsh,HAY,7,47,248,5.3,3,0,0,35.4,3,,,,
1,Jarrett Hall,NBE,10,75,244,3.3,5,1,0,24.4,3,,,,
5,Evan Zoch,LKLAND,8,46,234,5.1,3,0,0,29.2,3,,,,
13,Brad Zganjar,NBW,11,49,232,4.7,4,1,0,21.1,3,,,,
27,Ryker Rockhill,PORTG,6,28,232,8.3,3,0,1,38.7,3,,,,
8,Zachary Treu,SPARTA,8,56,231,4.1,1,0,0,28.9,3,,,,
22,Marcus Brezgel,SHAWN,8,67,228,3.4,6,0,0,28.5,3,,,,
2,Jeremy Dickerson Jr.,GRA,6,24,223,9.3,3,0,0,37.2,3,,,,
23,Mason Gehl,NBE,9,38,222,5.8,0,1,1,24.7,3,,,,
10,Logan Schwinger,RHINE,7,41,220,5.4,2,1,0,31.4,3,,,,
7,Thomas Check,LOGAN,11,30,220,7.3,0,1,1,20,3,,,,
5,Sam Zwaard,RHINE,9,34,218,6.4,3,0,0,24.2,3,,,,
1,Billy Burnett,BD,8,17,215,12.6,2,0,0,26.9,3,,,,
34,Ethan Huelsemann,BBOO,5,56,211,3.8,1,1,0,42.2,3,,,,
84,Noah Huebner,WL,4,6,206,34.3,2,0,0,51.5,3,,,,
6,Evan Czarnezki,MEDFOR,10,32,203,6.3,2,0,2,20.3,3,,,,
11,Sam Schoppe,RHINE,9,41,200,4.9,2,0,0,22.2,3,,,,
29,Gatlin Empey,STOUGH,10,34,199,5.9,3,0,0,19.9,3,,,,
3,Jackson Chasco,NBW,9,45,193,4.3,1,0,0,21.4,3,,,,
30,Malachi Young,ML,6,34,188,5.5,2,0,0,31.3,3,,,,
21,Caleb Johns,NBE,9,32,188,5.9,4,0,0,20.9,3,,,,
16,Jack Collins,NDAME,6,34,187,5.5,7,0,0,31.2,3,,,,
21,Bryson Pappas,NDAME,5,32,184,5.8,2,0,0,36.8,3,,,,
3,Anthony Aranda,HAY,7,40,183,4.6,2,0,0,26.1,3,,,,
10,Braxton Polzin,MARNET,8,33,178,5.4,2,0,0,22.2,3,,,,
1,Jax Hanson,MERRIL,7,49,177,3.6,1,1,1,25.3,3,,,,
7,Gabe Heiges,FVL,5,40,177,4.4,2,0,0,35.4,3,,,,
1,Conner Roche,COLUM,12,222,2257,10.2,35,2,2,188.1,4,,,,
2,Taden Holldorf,B-W,14,270,2239,8.3,30,0,19,159.9,4,,,,
24,Sam Ersland,DELLS,10,237,2074,8.8,31,0,0,207.4,4,,,,
3,Brody Schaffer,WINN,13,184,1774,9.6,31,1,4,136.5,4,,,,
3,Gavin Sell,B-W,14,202,1704,8.4,25,3,15,121.7,4,,,,
2,Luke Baginski,WSALEM,11,175,1478,8.4,18,0,1,134.4,4,,,,
13,Matthew Potter,XAVIER,11,255,1402,5.5,19,4,2,127.5,4,,,,
11,Joshua Coburn,STM,9,177,1280,7.2,10,4,6,142.2,4,,,,
33,Sawyer Hardesty,MAYV,12,226,1249,5.5,15,1,0,104.1,4,,,,
2,Tyler Sasse,PLATT,10,151,1230,8.1,8,0,0,123,4,,,,
6,Connor Witucki,JEFF,9,135,1176,8.7,10,2,0,130.7,4,,,,
13,Kane Donnelly,SOMER,9,151,1111,7.4,19,2,10,123.4,4,,,,
8,Max Blaschko,ARC,10,182,1099,6,9,0,1,109.9,4,,,,
27,Jakob Martin,BERLIN,11,147,1096,7.5,20,2,0,99.6,4,,,,
20,Xavier Salzman,SEYM,9,150,1087,7.2,10,1,12,120.8,4,,,,
33,Aaron Hage,SCC,10,171,1062,6.2,15,1,6,106.2,4,,,,
30,Steven Kielpikowski,DENMAR,10,194,1054,5.4,9,1,0,105.4,4,,,,
22,Braydon Anderson,ELLSW,10,181,1033,5.7,14,0,2,103.3,4,,,,
22,Hayden Gyllin,MAUST,9,170,1028,6,9,2,3,114.2,4,,,,
34,Hayden Buckel,SCC,10,140,1008,7.2,10,0,5,100.8,4,,,,
2,Wyatt Laughrin,OCFALL,10,74,1004,13.6,16,1,0,100.4,4,,,,
4,Carter Hess,BERLIN,11,122,980,8,8,2,0,89.1,4,,,,
11,Seth Lingford,ET,9,157,979,6.2,12,0,0,108.8,4,,,,
2,Imarion Holder,RSC,11,117,968,8.3,11,0,1,88,4,,,,
0,Kyle White,AQUIN,12,203,960,4.7,11,1,4,80,4,,,,
23,Barrett Temmers,PRESC,10,113,935,8.3,14,0,12,93.5,4,,,,
24,Joshua Duba,KML,10,122,902,7.4,11,1,0,90.2,4,,,,
33,Isaac Bramer,OCFALL,10,92,836,9.1,16,1,2,83.6,4,,,,
1,Max Matthias,TRIVER,9,166,813,4.9,4,5,0,90.3,4,,,,
23,Parker Stellmacher,RIPON,8,159,812,5.1,2,1,0,101.5,4,,,,
42,Brody Nichols,DD,10,151,801,5.3,12,3,0,80.1,4,,,,
14,Kane Kaiser,DD,10,101,781,7.7,10,1,0,78.1,4,,,,
5,Drew Kortz,FREED,11,120,774,6.4,10,2,1,70.4,4,,,,
12,Brecken Ponath,SCC,10,131,773,5.9,9,5,2,77.3,4,,,,
31,Lincoln Keller,EVANS,11,129,773,6,8,0,0,70.3,4,,,,
9,Jean Ocasio,SF,10,155,766,4.9,6,4,0,76.6,4,,,,
8,Jacob Maxon,AMER,9,147,755,5.1,2,2,0,83.9,4,,,,
7,Nicholas Elisius,VIROQ,9,170,732,4.3,7,2,1,81.3,4,,,,
22,Brody Ripp,LODI,11,150,722,4.8,3,1,1,65.6,4,,,,
44,Wyatt Lund,ASHL,9,97,720,7.4,1,0,6,80,4,,,,
23,Adam Zylka,KML,10,129,718,5.6,9,1,1,71.8,4,,,,
6,Joren Schlender,MAYV,12,86,703,8.2,12,0,0,58.6,4,,,,
22,Jesse Haendel,NFDL,9,152,693,4.6,1,1,3,77,4,,,,
3,Treve Stoffel,MOSI,10,125,683,5.5,9,2,1,68.3,4,,,,
9,Bryce Jones,WINN,12,135,678,5,7,0,1,56.5,4,,,,
21,Cole Hietpas,XAVIER,11,76,676,8.9,11,0,1,61.5,4,,,,
34,Eli Kerner,NPINES,9,127,675,5.3,5,2,1,75,4,,,,
8,Kamden Tande Habich,LAKE-M,12,125,671,5.4,12,0,0,55.9,4,,,,
8,Zeke Strand,BLOOM,9,95,671,7.1,14,0,5,74.6,4,,,,
34,Riley Kohlmann,CSPORT,9,123,637,5.2,2,2,0,70.8,4,,,,
19,Harker Larsen,EVANS,11,104,622,6,13,1,0,56.5,4,,,,
30,Eli Mares,XAVIER,11,84,581,6.9,6,2,0,52.8,4,,,,
27,Robert Irey,A-F,8,104,564,5.4,5,0,2,70.5,4,,,,
5,Owen Cowell,COLUM,11,63,555,8.8,11,1,0,50.5,4,,,,
21,Kaycee Guzman,LKLUTH,5,79,553,7,6,2,0,110.6,4,,,,
10,Peyton Powers,COLUM,11,47,549,11.7,9,0,1,49.9,4,,,,
1,Josh Martinez,BIGFT,8,129,532,4.1,4,2,1,66.5,4,,,,
36,Brock Gardner,LC,10,113,527,4.7,4,0,0,52.7,4,,,,
4,Eric Cumber,RIPON,7,63,522,8.3,4,1,0,74.6,4,,,,
23,Kaleb Sime,COLUM,11,97,502,5.2,5,0,0,45.6,4,,,,
25,Ethan West,PRESC,10,84,502,6,7,0,7,50.2,4,,,,
1,Tyler Wollin,LAKE-M,12,73,491,6.7,6,1,0,40.9,4,,,,
8,Anthony Mish,KML,9,56,485,8.7,6,2,0,53.9,4,,,,
24,Landen Baker,MAYV,12,77,474,6.2,4,1,0,39.5,4,,,,
11,Drew McConkey,WSALEM,11,65,465,7.2,4,1,1,42.3,4,,,,
3,Collin Draeger,KML,10,83,462,5.6,4,4,0,46.2,4,,,,
24,Mason Bunnell,SEYM,9,76,460,6.1,10,1,2,51.1,4,,,,
0,Exavier Jandt,ALTOO,9,86,457,5.3,5,0,0,50.8,4,,,,
20,Reece Joten,LC,10,78,456,5.8,3,1,0,45.6,4,,,,
4,Isaiah Taylor,RSC,12,71,441,6.2,7,0,0,36.8,4,,,,
20,Haiden Rieder,WAUP,9,90,423,4.7,3,1,2,47,4,,,,
9,Cade Patterson,EDGEW,10,103,422,4.1,6,0,0,42.2,4,,,,
8,Carter Vuorenmaa,ASHL,9,67,420,6.3,4,0,0,46.7,4,,,,
5,Mason Richter,SHB-FA,7,90,419,4.7,4,0,0,59.9,4,,,,
2,Kaden Smolinski,LAKE-M,8,46,414,9,6,0,0,51.8,4,,,,
1,Eddie Vinson,RSC,12,58,410,7.1,4,1,0,34.2,4,,,,
25,Dane Veenendall,B-W,14,52,409,7.9,6,1,0,29.2,4,,,,
2,Jack Halloran,EDGEW,10,75,398,5.3,3,0,0,39.8,4,,,,
22,Keaton Wollan,AMER,8,102,396,3.9,3,1,0,49.5,4,,,,
26,Nixon Heinke,FREED,12,98,391,4,8,2,1,32.6,4,,,,
8,Sawyer Van Vleet,ALTOO,9,89,386,4.3,6,0,0,42.9,4,,,,
3,Stephen Rathje,SL,4,51,384,7.5,5,2,2,96,4,,,,
2,Cody Hendricksen,A-F,8,91,379,4.2,5,1,0,47.4,4,,,,
4,Aaron Hambel,FREED,11,103,379,3.7,6,4,0,34.5,4,,,,
1,Nathan Johnson,DVILLE,9,61,377,6.2,4,5,1,41.9,4,,,,
23,Levi Nelson,ELLSW,10,39,372,9.5,3,0,0,37.2,4,,,,
8,Dylan Scott,SL,7,75,349,4.7,1,3,1,49.9,4,,,,
5,Ryan Clark,MAYV,11,65,345,5.3,9,1,1,31.4,4,,,,
24,Andrew Lesso,PRESC,7,44,340,7.7,4,0,0,48.6,4,,,,
22,Austin Lund,BRF,8,83,337,4.1,2,1,1,42.1,4,,,,
44,Rory O'Neill,WSALEM,7,59,333,5.6,7,0,1,47.6,4,,,,
23,Hunter Milota,EDGEW,7,71,333,4.7,1,1,0,47.6,4,,,,
2,Kyler Sanders,WAUP,9,57,329,5.8,4,2,0,36.6,4,,,,
4,Juan Tobias,EDGER,9,58,327,5.6,1,1,1,36.3,4,,,,
44,Seth Precourt,EDGER,10,71,316,4.5,6,0,0,31.6,4,,,,
8,Kale Schneider,LODI,10,83,315,3.8,9,1,0,31.5,4,,,,
23,Deion Chesmore,ALTOO,9,47,311,6.6,1,0,1,34.6,4,,,,
17,Trenton Schladweiler,CSPORT,9,68,310,4.6,6,2,1,34.4,4,,,,
20,Christopher Taddey,CSPORT,8,67,307,4.6,3,1,0,38.4,4,,,,
6,Aron Diaz,SF,10,81,304,3.8,3,5,4,30.4,4,,,,
6,Brian Bowman,STM,9,51,303,5.9,2,1,0,33.7,4,,,,
3,Quintin Arizola,DD,9,51,301,5.9,4,2,0,33.4,4,,,,
9,Cayden Staffeldt,SEYM,9,40,298,7.4,5,0,1,33.1,4,,,,
20,Braydenn Husom,DVILLE,9,109,297,2.7,1,0,0,33,4,,,,
14,Isaac Pratt,VIROQ,8,56,289,5.2,2,1,0,36.1,4,,,,
9,Carter Fandrey,MOSI,9,91,287,3.2,5,0,0,31.9,4,,,,
2,Blake Fox,SOMER,7,52,278,5.3,1,0,2,39.7,4,,,,
20,Bobby Tracy,COLUM,8,28,272,9.7,4,0,0,34,4,,,,
5,Luke Budde,BERLIN,8,24,262,10.9,3,1,0,32.8,4,,,,
9,Cooper Effa,LC,8,65,260,4,6,0,0,32.5,4,,,,
12,Teddy Bernick,PRESC,11,52,255,4.9,5,0,1,23.2,4,,,,
30,Conner Kaseno,ASHL,8,53,253,4.8,2,0,2,31.6,4,,,,
22,Amari Davis,RSC,5,28,251,9,2,0,0,50.2,4,,,,
14,Ben Krauklis,LKLUTH,6,32,250,7.8,5,5,0,41.7,4,,,,
11,Blake Heltemes,CSPORT,8,33,243,7.4,2,0,0,30.4,4,,,,
45,Grady Meek,BRF,8,66,241,3.7,0,1,0,30.1,4,,,,
36,Cordell Harris,EVANS,8,26,239,9.2,1,0,0,29.9,4,,,,
17,Jaxon Walenga,TURN,7,94,237,2.5,1,2,0,33.9,4,,,,
3,Harrison Heidt,K/L/C,10,78,235,3,4,0,0,23.5,4,,,,
2,Brock Hanson,BLOOM,8,39,231,5.9,2,1,0,28.9,4,,,,
3,Hunter Hibbard,ALTOO,8,35,231,6.6,3,0,1,28.9,4,,,,
80,Tyler Hartje,MAUST,8,30,229,7.6,0,1,0,28.6,4,,,,
22,Trent Blazek,OCFALL,10,17,227,13.4,2,0,0,22.7,4,,,,
26,Issiah Sampson,LKLUTH,5,31,225,7.3,2,1,0,45,4,,,,
33,Owen Leask,ASHL,6,46,224,4.9,3,0,2,37.3,4,,,,
8,Dimitri Reed,NFDL,7,42,224,5.3,1,2,0,32,4,,,,
5,Gannon Bagstad,EDGEW,10,73,224,3.1,3,1,0,22.4,4,,,,
23,Zander Beck,BERLIN,7,17,212,12.5,2,0,0,30.3,4,,,,
22,Wyatt Mielke,SOMER,5,47,212,4.5,1,1,1,42.4,4,,,,
7,Lamont Hamilton,RSC,11,30,203,6.8,4,0,1,18.5,4,,,,
26,Sawyer Baron,LODI,10,34,202,5.9,3,0,0,20.2,4,,,,
6,Everett Donath,KEWSKM,8,56,197,3.5,0,1,0,24.6,4,,,,
1,Tyler Budzien,SF,5,54,195,3.6,6,1,0,39,4,,,,
7,Tyler Link,MAUST,8,43,193,4.5,5,0,2,24.1,4,,,,
26,Camryn Lewis,NFDL,7,71,188,2.6,0,1,0,26.9,4,,,,
22,Tucker Brock,NPINES,9,43,182,4.2,2,1,1,20.2,4,,,,
27,Olen Berg,SHB-FA,4,43,181,4.2,2,2,0,45.2,4,,,,
18,Jayden Phillips,RSC,7,23,180,7.8,3,0,0,25.7,4,,,,
2,Derek Klinkner,TRIVER,8,35,178,5.1,0,0,0,22.2,4,,,,
69,Trevor Arentz,WSALEM,9,40,177,4.4,10,0,2,19.7,4,,,,
18,Jonah Gentry,XAVIER,8,16,175,10.9,1,0,0,21.9,4,,,,
13,Chase Merritt,MAYV,7,18,172,9.6,2,0,0,24.6,4,,,,
14,Omar Coulson,ELLSW,8,26,171,6.6,3,0,0,21.4,4,,,,
0,Jerome Hinton,RSC,8,35,170,4.9,4,0,0,21.2,4,,,,
34,Nolan Yaeger,SL,6,40,165,4.1,1,0,0,27.5,4,,,,
20,Wyatt Strupp,JEFF,9,36,164,4.6,1,1,0,18.2,4,,,,
18,Jonah Kruse,KML,6,29,164,5.7,3,1,0,27.3,4,,,,
22,Kashton Stoddard,DELLS,4,19,163,8.6,3,0,0,40.8,4,,,,
0,Jh'Mari Smith,TURN,8,40,160,4,2,0,0,20,4,,,,
31,Aiden Jolma,ASHL,7,31,159,5.1,3,0,0,22.7,4,,,,
5,Bryce Gullixon,KIEL,12,178,1845,10.4,35,0,2,153.8,5,,,,
9,Blake Thiry,PDC,13,175,1800,10.3,32,0,1,138.5,5,,,,
5,Cooper Lawton,NWERN,13,213,1588,7.5,14,2,7,122.2,5,,,,
35,Aiden Humphreys,WRIGH,14,204,1421,7,24,1,0,101.5,5,,,,
10,Bryson Schmid,W-B,11,164,1410,8.6,18,1,0,128.2,5,,,,
3,Erick Burns,NEWHOL,10,234,1290,5.5,10,0,2,129,5,,,,
13,Alex Hoff,SCF,11,171,1209,7.1,16,0,0,109.9,5,,,,
11,Skyler Royston,WAUTO,9,210,1207,5.7,12,3,1,134.1,5,,,,
3,Jack Rens,LACO,9,136,1009,7.4,9,2,0,112.1,5,,,,
7,Gabe Ciralsky,USM,9,122,957,7.8,12,0,0,106.3,5,,,,
3,Nathan Graf,LCL,11,108,939,8.7,18,0,1,85.4,5,,,,
15,Owen Dernovsek,SPOON,10,112,914,8.2,9,0,0,91.4,5,,,,
14,Brayden Larson,TOMAHK,9,163,904,5.5,8,3,0,100.4,5,,,,
5,Mason Sobralski,SPOON,10,123,885,7.2,9,1,0,88.5,5,,,,
23,Brooks Vanderhoof,STRATF,14,131,881,6.7,13,0,2,62.9,5,,,,
21,Andy Fiske,RV,8,154,854,5.5,9,1,1,106.8,5,,,,
24,Waylon Delain,KEWAU,8,98,824,8.4,11,0,0,103,5,,,,
6,Trevor Vande Hey,WRIGH,14,110,808,7.3,9,0,4,57.7,5,,,,
22,David Pond,BARRON,10,151,795,5.3,5,0,0,79.5,5,,,,
44,Bryce Ronchi,NWERN,13,182,783,4.3,18,0,19,60.2,5,,,,
3,Jackson Wisnicky,KEWAU,5,111,782,7,9,0,3,156.4,5,,,,
11,Calum Crist,DARL,10,107,754,7,5,1,0,75.4,5,,,,
8,Zander Tierney,SWTRN,8,81,754,9.3,8,0,3,94.2,5,,,,
11,Jack Tubbs,STRATF,14,112,734,6.6,13,0,1,52.4,5,,,,
13,Zeke Zuberbuhler,DARL,10,74,712,9.6,8,1,0,71.2,5,,,,
10,Michael Glodowski,AMHER,10,123,705,5.7,12,0,1,70.5,5,,,,
0,Parker Dutzle,ELKM,8,121,705,5.8,6,0,4,88.1,5,,,,
24,Bryar Wayne,BOSCO,9,124,705,5.7,4,0,1,78.3,5,,,,
3,Reid Miller,STRATF,14,116,699,6,8,0,2,49.9,5,,,,
3,Milo Johnson,NG,10,118,694,5.9,2,2,0,69.4,5,,,,
28,Brady Dosch,RICHC,10,122,684,5.6,6,0,0,68.4,5,,,,
6,Kyle Seiling,G-E-T,9,129,682,5.3,8,1,4,75.8,5,,,,
4,Willem Hoefler,SCF,11,82,680,8.3,10,0,0,61.8,5,,,,
7,Caleb Acosta,WLP,8,141,676,4.8,7,1,1,84.5,5,,,,
10,Patrick Haese,STBAY,8,116,654,5.6,10,2,1,81.8,5,,,,
44,Bryce Lenzendorf,PDC,13,102,617,6,7,1,0,47.5,5,,,,
33,Will Stellmacher,SMS,9,117,617,5.3,10,0,0,68.6,5,,,,
25,Ayden Nerdahl,AMHER,7,90,608,6.8,9,0,0,86.9,5,,,,
3,Ian Schoenwetter,BA,10,74,596,8.1,11,0,0,59.6,5,,,,
4,Cole Keifenheim,WLA,10,112,583,5.2,12,1,0,58.3,5,,,,
30,Gavin Voss,COLBY,9,108,583,5.4,7,0,0,64.8,5,,,,
5,Jack Hoeper,Sp/CC,9,132,582,4.4,8,2,1,64.7,5,,,,
10,Andrew Benz,LCL,12,110,572,5.2,7,0,0,47.7,5,,,,
5,Gannan Schwartz,WLA,11,84,543,6.5,8,0,1,49.4,5,,,,
2,Grayson Arn,B/J,9,125,543,4.3,2,2,1,60.3,5,,,,
16,Tristan Hearley,HOR/HS,8,89,536,6,4,1,0,67,5,,,,
21,Maddox Goebel,DARL,10,70,536,7.7,8,3,6,53.6,5,,,,
20,Weston Schmidt,BRILL,10,116,534,4.6,7,1,0,53.4,5,,,,
18,Brett Paulsen,KEWAU,10,67,516,7.7,14,1,1,51.6,5,,,,
4,Michael Vanden Heuvel,CHIL,8,59,509,8.6,6,0,1,63.6,5,,,,
3,Ben Anderson,SMS,9,91,499,5.5,9,0,0,55.4,5,,,,
2,Jacob Schoonover,CLINT,7,126,494,3.9,6,3,0,70.6,5,,,,
20,Brody Viegut,COLBY,7,88,486,5.5,4,0,0,69.4,5,,,,
30,Sam Stuczynski,AMHER,8,85,486,5.7,3,0,0,60.8,5,,,,
2,Jayden Schoepp,RICHC,8,83,480,5.8,5,0,0,60,5,,,,
2,Theo Hovde,COLFAX,7,45,467,10.4,4,3,0,66.7,5,,,,
83,Rudy Kletsch,S-B,11,65,466,7.2,12,3,0,42.4,5,,,,
6,Wes Bosworth,RICHC,10,106,457,4.3,8,1,2,45.7,5,,,,
28,Cameron Steek,SCF,12,77,453,5.9,9,2,0,37.8,5,,,,
20,Brody Culbertson,SWTRN,8,75,451,6,6,0,4,56.4,5,,,,
5,Barrett Meyer,HOR/HS,10,96,446,4.6,3,3,1,44.6,5,,,,
16,Grant Weber,SDOOR,10,149,443,3,6,2,0,44.3,5,,,,
11,Eli Gasau,RL,10,51,438,8.6,4,0,0,43.8,5,,,,
13,Payton Hanson,CLINT,9,96,433,4.5,3,2,0,48.1,5,,,,
15,Braeden Veldboom,OOSTB,7,73,431,5.9,3,0,0,61.6,5,,,,
24,Adrian Brenner,WLA,11,56,426,7.6,4,1,0,38.7,5,,,,
1,Drew Daoust,SDOOR,11,94,424,4.5,9,0,0,38.5,5,,,,
3,Cohen Kraus,RL,10,50,413,8.3,8,0,0,41.3,5,,,,
0,Luke Burton,NG,10,58,413,7.1,7,1,3,41.3,5,,,,
7,Charlie Sarbacker,NG,8,76,413,5.4,2,3,0,51.6,5,,,,
27,Heath Cousin,BRILL,10,65,411,6.3,3,0,0,41.1,5,,,,
4,Rex Reilly,TOMAHK,4,73,406,5.6,6,2,0,101.5,5,,,,
3,Hudson Ludwig,CHIL,9,114,404,3.5,4,2,1,44.9,5,,,,
0,Ben Schroeder,NEWHOL,9,81,401,5,1,0,1,44.6,5,,,,
1,Boone Schaier,W-B,11,71,396,5.6,9,0,0,36,5,,,,
8,Kaden Plumley,RV,8,50,387,7.7,4,0,0,48.4,5,,,,
8,Jackson Menzel,LCL,10,67,382,5.7,3,0,2,38.2,5,,,,
25,Tysen Teal,NWERN,7,38,381,10,4,2,0,54.4,5,,,,
28,Mason Schaefer,KIEL,9,53,376,7.1,2,0,0,41.8,5,,,,
5,Andrew Schmidt,BA,10,55,372,6.8,5,6,0,37.2,5,,,,
6,Jett Rogowski,W-B,10,34,366,10.8,4,1,0,36.6,5,,,,
34,AJ Anderson,SPOON,10,74,363,4.9,5,0,0,36.3,5,,,,
7,Michael Gunter,W-B,8,52,362,7,2,0,0,45.2,5,,,,
21,Keagan Miller,OMRO,6,88,358,4.1,5,0,0,59.7,5,,,,
7,Jordan Dieck,BA,10,33,356,10.8,1,0,0,35.6,5,,,,
9,Charlie DePagter,OOSTB,7,75,354,4.7,3,1,0,50.6,5,,,,
17,Jake Lagrander,S-B,11,49,347,7.1,5,0,0,31.5,5,,,,
7,Caleb Wrensch,STRATF,13,56,344,6.1,4,0,0,26.5,5,,,,
45,Drew Kieffer,SWTRN,8,44,344,7.8,3,2,2,43,5,,,,
4,Caeden Steuerwald,OOSTB,7,78,342,4.4,5,1,0,48.9,5,,,,
31,Chase Heeg,COLBY,9,49,341,7,5,1,0,37.9,5,,,,
7,Boden Teal,NWERN,6,39,340,8.7,4,0,2,56.7,5,,,,
30,Colton Hagner,LACO,9,54,338,6.3,2,0,0,37.6,5,,,,
20,Gavin Kiley,LCL,9,34,334,9.8,5,0,0,37.1,5,,,,
4,Hayden Cousin,BRILL,10,55,312,5.7,5,1,0,31.2,5,,,,
2,Alex Williams,S-B,11,68,302,4.4,1,2,3,27.5,5,,,,
1,Jack Holzmann,SMS,6,13,296,22.8,5,0,0,49.3,5,,,,
12,Lincoln Korth,CVILLE,9,100,287,2.9,3,0,2,31.9,5,,,,
20,Logan Dorn,S-B,11,45,281,6.2,1,1,0,25.5,5,,,,
9,Dante Glendenning,DARL,9,42,279,6.6,6,1,1,31,5,,,,
9,Omar Jimenez,G-E-T,6,44,272,6.2,5,0,1,45.3,5,,,,
19,Brody Wilson,WRIGH,10,43,270,6.3,2,0,0,27,5,,,,
9,Grant Paulus,COLFAX,8,72,269,3.7,1,3,0,33.6,5,,,,
28,Kaden Colwell,WRIGH,13,37,268,7.2,6,0,1,20.6,5,,,,
5,Colton Orth,COLBY,6,51,268,5.3,2,0,0,44.7,5,,,,
4,Cooper Atkinson,CLINT,7,65,264,4.1,2,1,0,37.7,5,,,,
11,Tiegan Sarazin,TOMAHK,5,49,263,5.4,1,0,0,52.6,5,,,,
6,Glendon Thompson,BARRON,9,97,260,2.7,3,2,1,28.9,5,,,,
8,Jerek Valley,SDOOR,9,64,257,4,1,1,0,28.6,5,,,,
1,Parker Rhude,ELKM,8,67,256,3.8,5,1,4,32,5,,,,
4,Daniel Buntin,WRIGH,13,41,244,6,9,1,0,18.8,5,,,,
0,Brady Abitz,WAUTO,9,72,243,3.4,1,0,0,27,5,,,,
27,Parker Muellenbach,WLA,8,52,241,4.6,2,1,1,30.1,5,,,,
40,Elijah Dolan,WLP,4,35,241,6.9,0,0,0,60.2,5,,,,
40,Tyler VanGoethem,KEWAU,9,49,240,4.9,2,0,0,26.7,5,,,,
26,Brennen Kleist,BRILL,4,21,238,11.3,3,1,1,59.5,5,,,,
7,Bryce Plzak,STBAY,8,24,233,9.7,0,0,2,29.1,5,,,,
2,Caleb Plzak,STBAY,9,83,231,2.8,4,2,0,25.7,5,,,,
1,Wyatt Powers,OMRO,9,71,221,3.1,1,1,0,24.6,5,,,,
32,Chase Thibodeau,BRILL,4,34,208,6.1,2,0,0,52,5,,,,
10,Taylor Schaumberg,LOMIRA,14,262,2149,8.2,30,0,1,153.5,6,,,,
26,Ian Burkman,GBURG,14,259,1965,7.6,33,0,0,140.4,6,,,,
23,Cruz Palubicki,CRAND,10,204,1768,8.7,22,1,9,176.8,6,,,,
23,Ira Hilbelink,CG-B,12,232,1450,6.2,17,3,0,120.8,6,,,,
23,Cullen Kramer,FCREEK,10,179,1216,6.8,8,0,1,121.6,6,,,,
9,Logan Young,PARD,10,131,1126,8.6,17,3,1,112.6,6,,,,
3,Cole Peterson,CAMER,10,181,1118,6.2,15,2,1,111.8,6,,,,
28,Logan Derke,BELL,13,184,1067,5.8,12,1,1,82.1,6,,,,
24,Kolton Peters,COLE,12,123,1048,8.5,17,1,2,87.3,6,,,,
30,Colton Weiler,AUB,10,148,1030,7,16,0,0,103,6,,,,
12,Vance Hathaway,POYN,10,172,986,5.7,8,1,0,98.6,6,,,,
3,Evrett Tait,REGIS,11,128,979,7.6,13,0,5,89,6,,,,
5,Christian Fuentes,ABB,11,105,973,9.3,10,1,0,88.5,6,,,,
10,Dawson Lind,W-F,10,130,962,7.4,10,2,2,96.2,6,,,,
2,Willson Jones,PE,7,115,949,8.3,11,1,3,135.6,6,,,,
8,Micah Kuchta,COLE,12,123,927,7.5,15,0,1,77.2,6,,,,
30,West Bieber,COLE,12,155,926,6,12,2,0,77.2,6,,,,
1,Kameron Zielke,W-F,10,123,912,7.4,17,3,2,91.2,6,,,,
28,Nolan Hanke,LANC,7,144,889,6.2,9,2,0,127,6,,,,
22,Austin Fischer,VALDER,9,182,852,4.7,12,0,3,94.7,6,,,,
9,Hunter Sandberg,MONDO,9,92,790,8.6,9,1,2,87.8,6,,,,
24,James Holler,HG,8,156,784,5,8,0,0,98,6,,,,
17,Colin Fischer,BOND,12,137,772,5.6,9,0,3,64.3,6,,,,
23,Noah Schroeder,AUG,9,209,771,3.7,4,3,0,85.7,6,,,,
11,Reid Acherman,MPOINT,8,159,771,4.8,14,2,2,96.4,6,,,,
25,Landon Bryant,LUTHER,11,111,754,6.8,14,0,2,68.5,6,,,,
1,Max Timpel,MARSHL,9,81,746,9.2,10,1,0,82.9,6,,,,
17,Elijah Potaracke,LUTHER,11,123,743,6,10,1,0,67.5,6,,,,
4,Jackson Goebel,LOMIRA,14,116,742,6.4,11,2,0,53,6,,,,
1,Irvin Aguilera,ABB,11,118,734,6.2,9,0,0,66.7,6,,,,
22,Devin Brown,WESTBY,8,113,707,6.3,14,1,0,88.4,6,,,,
10,Nash Krcmar,NEKOO,9,106,705,6.7,8,1,0,78.3,6,,,,
3,Bode Falkner,MONDO,11,93,688,7.4,12,0,1,62.5,6,,,,
11,Treston Eckstein,MARK,7,133,685,5.2,9,0,0,97.9,6,,,,
35,Deegan Bubolz,RVILLE,10,124,683,5.5,4,4,0,68.3,6,,,,
5,Parker Maney,RVILLE,9,130,666,5.1,6,0,1,74,6,,,,
30,Parker Mullen,BSMS,9,113,652,5.8,9,0,0,72.4,6,,,,
33,Ethan Westrate,FCREEK,9,76,639,8.4,8,0,7,71,6,,,,
10,Aiden Goehring,MARK,9,121,600,5,3,0,0,66.7,6,,,,
33,Fin Krcmar,NEKOO,8,95,596,6.3,5,1,0,74.5,6,,,,
24,Jack Luedtke,LOMIRA,14,73,596,8.2,14,0,0,42.6,6,,,,
0,Andy Loeffelholz,CUBA,6,87,589,6.8,11,1,0,98.2,6,,,,
14,Aiden Becker,CH-WY,9,160,580,3.6,11,0,1,64.4,6,,,,
22,Brennan Keyes,BELL,12,143,578,4,9,2,0,48.2,6,,,,
31,Owain Nelles,CAMBR,10,77,576,7.5,8,2,12,57.6,6,,,,
25,Devan Turk,FALLR,8,119,572,4.8,1,0,0,71.5,6,,,,
8,Nolan Wolf,LANC,12,122,569,4.7,8,4,0,47.4,6,,,,
9,Benjamin Backus,MISHC,7,113,568,5,7,0,1,81.1,6,,,,
7,Ty Dennee,CRAND,9,78,548,7,1,2,4,60.9,6,,,,
2,Chase Boller,ABB,11,77,548,7.1,4,0,0,49.8,6,,,,
21,Austin Rideout,REGIS,11,70,545,7.8,6,0,0,49.5,6,,,,
3,Nathan Van Wyhe,AUB,11,69,543,7.9,6,0,0,49.4,6,,,,
26,Ashton Whitehorse,PARD,10,101,536,5.3,4,1,0,53.6,6,,,,
5,Blake Raab,AUB,9,81,530,6.5,9,2,0,58.9,6,,,,
38,Ben Ugorji,WLOO,7,94,522,5.6,5,1,0,74.6,6,,,,
32,Brody Tarbox,REGIS,9,82,518,6.3,8,0,0,57.6,6,,,,
44,Jaxon Tuchalski,FALLR,7,98,505,5.2,3,1,2,72.1,6,,,,
1,Chayden Berghammer,CUMB,9,77,483,6.3,6,0,0,53.7,6,,,,
32,Carter Heike,MONDO,11,86,475,5.5,9,1,3,43.2,6,,,,
20,Mason McNett,P/A,5,74,471,6.4,5,2,5,94.2,6,,,,
36,Kamden Baye,MANLUT,9,101,468,4.6,3,3,0,52,6,,,,
45,Bowe Meyer,MARSHL,8,102,450,4.4,5,1,1,56.2,6,,,,
23,Jax Vogel,MISHC,10,98,428,4.4,1,0,1,42.8,6,,,,
21,Ethan Griffin,CUBA,10,78,410,5.3,1,2,0,41,6,,,,
1,Cade Johnson,BOND,13,69,407,5.9,8,0,1,31.3,6,,,,
1,Jack Ross,UNITY,7,62,406,6.5,4,2,1,58,6,,,,
24,Roen Carey,MPOINT,9,67,400,6,1,0,0,44.4,6,,,,
6,Peyton Hale,LANC,10,60,392,6.5,5,3,0,39.2,6,,,,
22,Brody Miess,RIVERD,9,106,382,3.6,2,0,0,42.4,6,,,,
12,Tristan Kostreva,COLE,11,41,374,9.1,5,0,1,34,6,,,,
21,Carter Moesch,BOND,11,56,374,6.7,5,0,0,34,6,,,,
2,Warren Bowe,CADOTT,5,80,371,4.6,2,1,0,74.2,6,,,,
6,Porter Bauer,MONDO,6,66,369,5.6,8,0,8,61.5,6,,,,
2,Brexden Kane,CRAND,10,68,367,5.4,7,2,1,36.7,6,,,,
33,Brett Johnson,PE,9,70,366,5.2,2,2,0,40.7,6,,,,
5,Nick Reddington,BSMS,9,82,360,4.4,4,0,2,40,6,,,,
11,Jayden Geier,WESTBY,10,85,353,4.2,3,0,1,35.3,6,,,,
9,Carter Soltis,LADYS,9,89,352,4,3,0,2,39.1,6,,,,
45,Caleb Smith,PARK,4,34,340,10,4,0,0,85,6,,,,
9,True Thurs,MRTHN,5,82,338,4.1,9,0,1,67.6,6,,,,
42,Bradley Rowe,CUBA,9,64,327,5.1,8,1,0,36.3,6,,,,
85,Ryan Westrich,BOND,12,46,324,7,8,0,0,27,6,,,,
97,Joseph Mitchell,WESTF,8,60,315,5.2,2,0,1,39.4,6,,,,
30,Jacob Bertling,NEKOO,5,51,304,6,5,0,0,60.8,6,,,,
3,Owen Hoogesteger,NEKOO,7,43,296,6.9,3,0,0,42.3,6,,,,
2,Reece Kelley,FENN,8,67,295,4.4,2,2,0,36.9,6,,,,
4,Emilio Escalera,ABB,9,43,293,6.8,1,0,0,32.6,6,,,,
5,Jack Schmeling,LUTHER,10,56,291,5.2,1,1,0,29.1,6,,,,
2,Bryce Odash,CAMER,8,56,278,5,2,1,2,34.8,6,,,,
13,Sam Berruecos,WESTF,10,73,268,3.7,3,2,1,26.8,6,,,,
14,Patrick Paque,MANA,10,74,264,3.6,2,0,0,26.4,6,,,,
16,Benton VandeBerg,MARK,9,43,263,6.1,2,0,0,29.2,6,,,,
24,Jesus Reyes,ABB,9,39,257,6.6,3,0,1,28.6,6,,,,
8,Dane Lozier,GBURG,11,28,255,9.1,2,0,0,23.2,6,,,,
24,Payton Storck,RLO,8,81,251,3.1,2,2,0,31.4,6,,,,
3,Daxter Schultz,GBURG,11,35,248,7.1,3,0,0,22.5,6,,,,
21,Gus Pranckus,FCREEK,10,36,247,6.9,4,1,0,24.7,6,,,,
2,Henry Flyte,WESTF,9,45,246,5.5,2,0,1,27.3,6,,,,
23,Dylan Hillsberg,BOND,9,51,245,4.8,2,1,1,27.2,6,,,,
3,Joe Grabowski,RLO,6,41,241,5.9,1,1,0,40.2,6,,,,
14,Ryker Swenson,BELL,10,46,241,5.2,3,0,0,24.1,6,,,,
3,Jackson Kendall,LUTHER,9,52,239,4.6,0,0,0,26.6,6,,,,
11,Carter Pettit,MARSHL,8,39,238,6.1,5,0,0,29.8,6,,,,
5,Payton Merrida,UNITY,4,30,236,7.9,3,0,0,59,6,,,,
35,Gunnar Barth,NEILS,6,60,234,3.9,3,0,0,39,6,,,,
30,Max Loomis,HG,4,33,230,7,2,0,0,57.5,6,,,,
2,Ashton Meister,POYN,10,77,229,3,4,4,0,22.9,6,,,,
22,Derrick Gideo,CUMB,8,70,228,3.3,1,3,0,28.5,6,,,,
44,Isaiah Santiago,BSMS,9,57,224,3.9,1,0,0,24.9,6,,,,
24,Noah Hamley,CH-WY,7,63,222,3.5,0,0,0,31.7,6,,,,
19,Aiden Livingston,LUTHER,7,32,218,6.8,1,0,0,31.1,6,,,,
13,Billy Navis,CG-B,3,28,214,7.6,2,2,0,71.3,6,,,,
7,Jamison Wickersham,PARD,8,20,212,10.6,4,1,0,26.5,6,,,,
14,Justin Thelen,NEKOO,3,27,206,7.6,5,0,0,68.7,6,,,,
22,James Chamberlain,CH-WY,7,59,205,3.5,2,0,0,29.3,6,,,,
22,Carter Whiteside,REGIS,11,35,203,5.8,2,0,0,18.5,6,,,,
6,Owen Weisenberger,REGIS,11,59,197,3.3,5,0,0,17.9,6,,,,
7,Madden Crubel,FENN,9,37,196,5.3,2,1,0,21.8,6,,,,
4,Zach Bjorklund,WESTBY,7,28,194,6.9,0,0,0,27.7,6,,,,
44,Elias Mikunda,LADYS,8,57,192,3.4,1,4,0,24,6,,,,
23,Carter Drews,C-F,11,221,1830,8.3,27,3,19,166.4,7,,,,
4,Jackson Bender,ROYALL,10,237,1611,6.8,23,1,13,161.1,7,,,,
12,Owen Seffrood,BHAWK,10,190,1565,8.2,29,1,13,156.5,7,,,,
24,Owen Blakey,JC,12,212,1489,7,16,3,1,124.1,7,,,,
4,Bo Killian,WHTHA,10,213,1342,6.3,16,6,6,134.2,7,,,,
21,Andrew Nies,RRIDG,12,161,1299,8.1,19,3,1,108.2,7,,,,
3,Chris Kenesie,KSJ,13,160,1237,7.7,15,0,2,95.2,7,,,,
18,Joe Haas,POT/CS,13,132,1163,8.8,11,0,0,89.5,7,,,,
2,Jensen Rice,I-S,10,118,1160,9.8,16,0,0,116,7,,,,
6,Jack Pakala,HILB,11,227,1069,4.7,10,1,0,97.2,7,,,,
22,Wyatt Hilby,ITHACA,11,130,1066,8.2,17,0,1,96.9,7,,,,
9,Justin Bergmann,PepAlm,8,167,1052,6.3,15,0,12,131.5,7,,,,
88,Joseph Cairns,HILLS,9,108,1050,9.7,13,6,1,116.7,7,,,,
26,Zach Hellendrung,BOYCE,13,188,1047,5.6,25,3,4,80.5,7,,,,
24,Mitch McGee,GCITY,11,157,1035,6.6,10,0,1,94.1,7,,,,
2,Jojo Hernandez,KCL,8,166,1021,6.2,8,1,0,127.6,7,,,,
25,Eli Tucker,BANG,11,159,1017,6.4,10,1,0,92.5,7,,,,
6,Brody MacNeil,CRIV,10,191,1013,5.3,18,0,0,101.3,7,,,,
6,Will Hackel,EDGAR,14,127,1011,8,12,0,6,72.2,7,,,,
21,Maverick Butt,EDGAR,14,169,980,5.8,20,0,1,70,7,,,,
22,Bryce Flaker,PACEL,8,149,976,6.6,5,4,0,122,7,,,,
7,Jack Christensen,CASH,9,159,948,6,13,2,2,105.3,7,,,,
7,Tavian Shramek,B-T,10,137,943,6.9,17,2,0,94.3,7,,,,
6,Piercen Mahoney,BHAWK,10,100,932,9.3,10,0,6,93.2,7,,,,
32,Isaiah Groom,POT/CS,14,176,911,5.2,17,0,0,65.1,7,,,,
21,Ben Paul,RAND,10,158,908,5.7,16,1,6,90.8,7,,,,
12,Wade Lindahl,LOURD,12,189,849,4.5,10,4,3,70.8,7,,,,
5,Trevor Forster,SPVALL,11,170,841,4.9,14,2,2,76.5,7,,,,
7,River Sahr,POT/CS,13,102,817,8,10,1,3,62.8,7,,,,
21,Drew Reimer,RONC,10,157,813,5.2,5,0,0,81.3,7,,,,
35,Brock Stendahl,E-STR,10,166,812,4.9,5,0,5,81.2,7,,,,
34,Dawson Luther,PITTS,10,128,793,6.2,7,3,6,79.3,7,,,,
31,Tyler Buttera Weiss,KSJ,12,117,781,6.7,12,0,3,65.1,7,,,,
13,Caden Clark,HILLS,9,125,765,6.1,7,0,0,85,7,,,,
30,Carson Sime,WZK/SE,10,152,760,5,5,2,0,76,7,,,,
22,Reed Schmidtknecht,CO-FC,11,120,756,6.3,12,1,1,68.7,7,,,,
32,Dalton Darr,PITTS,10,157,753,4.8,10,3,4,75.3,7,,,,
4,Tanner Herman,JC,12,110,745,6.8,14,1,0,62.1,7,,,,
5,Mesfin Draxler,DEERF,10,177,740,4.2,5,2,0,74,7,,,,
10,Isaiah Carton,SHIOC,11,156,736,4.7,9,0,0,66.9,7,,,,
10,Cade Stasiek,SPVALL,11,112,735,6.6,12,1,2,66.8,7,,,,
80,Liam Midtovne,PepAlm,9,121,710,5.9,8,0,6,78.9,7,,,,
12,Caydan Johnston,WHTHA,9,41,690,16.8,6,2,0,76.7,7,,,,
1,Brandon Davis,RRIDG,12,114,677,5.9,13,4,1,56.4,7,,,,
21,Brady Ridenour,LOURD,10,73,638,8.7,7,2,0,63.8,7,,,,
7,Wylie Cornwell,ASSUM,9,150,633,4.2,4,4,2,70.3,7,,,,
5,Dylan Mathison,BANG,10,97,615,6.3,8,1,1,61.5,7,,,,
17,Carson Roemhild,BOYCE,13,79,615,7.8,10,3,3,47.3,7,,,,
42,Brody Hein,HILB,10,111,607,5.5,8,1,0,60.7,7,,,,
29,Billy Myers,I-S,9,69,589,8.5,10,0,0,65.4,7,,,,
8,Wesley Nelson,ITHACA,11,105,569,5.4,7,1,0,51.7,7,,,,
21,Logan Auth,ELM/PC,9,127,563,4.4,7,0,3,62.6,7,,,,
12,Reeden Bocksell,PepAlm,10,60,548,9.1,5,1,3,54.8,7,,,,
21,Ethan Smith,CO-FC,11,83,524,6.3,9,0,0,47.6,7,,,,
6,Ty Fjelstad,E-STR,10,65,521,8,8,1,3,52.1,7,,,,
24,Asher Turner,SPVALL,11,73,519,7.1,7,0,0,47.2,7,,,,
21,Collin Johnson,B-T,9,74,518,7,6,0,0,57.6,7,,,,
25,Owen Post,PepAlm,11,50,517,10.3,7,1,8,47,7,,,,
29,Hoyt Helmer,C-F,11,55,513,9.3,5,0,2,46.6,7,,,,
7,Brody Tarman,TLAKE,10,94,488,5.2,5,1,2,48.8,7,,,,
11,Landyn Leslie,BOYCE,12,42,463,11,4,0,0,38.6,7,,,,
7,Owen Oppriecht,WZK/SE,10,87,456,5.2,3,1,0,45.6,7,,,,
12,Brandon Wright,TLAKE,10,118,452,3.8,5,4,2,45.2,7,,,,
25,Callen Drews,C-F,11,77,450,5.8,8,1,1,40.9,7,,,,
36,Isaac Thyne,HILLS,9,70,445,6.4,7,0,2,49.4,7,,,,
23,Caleb Zick,ROSHO,9,99,440,4.4,2,2,1,48.9,7,,,,
34,Sawyer Vandrisse,RONC,9,92,438,4.8,3,2,0,48.7,7,,,,
20,Jayce Stetzer,MELMIN,9,93,433,4.7,0,0,0,48.1,7,,,,
1,Levi Wiersma,RAND,6,31,421,13.6,4,1,0,70.2,7,,,,
1,Gavin Hinderman,I-G,10,125,409,3.3,6,2,3,40.9,7,,,,
8,Devon Weiss,CRIV,10,51,405,7.9,5,0,0,40.5,7,,,,
14,Aidan Lisowski,CO-FC,11,73,394,5.4,4,2,0,35.8,7,,,,
8,Ronald Hatch,WEBST,9,85,390,4.6,2,0,0,43.3,7,,,,
9,Luke Hartz,JC,10,45,384,8.5,6,0,0,38.4,7,,,,
3,Brennan Hanner,E-STR,10,63,380,6,4,1,5,38,7,,,,
11,Luis Itehua,E-STR,10,55,380,6.9,4,1,2,38,7,,,,
18,Jett Bender,ROYALL,10,83,372,4.5,5,1,1,37.2,7,,,,
21,Blake Carton,SHIOC,8,86,371,4.3,9,2,0,46.4,7,,,,
8,Dawson Weber,POT/CS,12,72,365,5.1,6,1,1,30.4,7,,,,
7,Brody Olson,GCITY,10,69,342,5,8,0,0,34.2,7,,,,
7,Kyrylo Kopytsia,I-S,10,37,341,9.2,2,0,0,34.1,7,,,,
18,Owen Wang,BROOK,7,57,340,6,6,0,0,48.6,7,,,,
3,Nathan Pyka,Ind/Gl,8,88,330,3.8,4,4,3,41.2,7,,,,
8,Lane Prusak,C-LAKE,5,83,319,3.8,3,1,0,63.8,7,,,,
4,Eric Reincke,PACEL,8,70,318,4.5,4,2,0,39.8,7,,,,
12,Ty Adrian,RRIDG,11,25,317,12.7,4,1,0,28.8,7,,,,
23,Bryce Peterson,BANG,10,39,305,7.8,4,0,0,30.5,7,,,,
29,Jordan Jahnke,SHIOC,10,90,304,3.4,4,0,0,30.4,7,,,,
28,Owen Kober,ELM/PC,5,57,300,5.3,2,0,5,60,7,,,,
20,Tanner Wells,BANG,10,38,297,7.8,4,0,0,29.7,7,,,,